DOI,Optimization Objectives,Authors,Title,Year,Visual/Structural features supported,Special features,Method Type,Layout Method fully described in paper,Domain,Description of layout algorithm,Evaluation,Constraints / Assumptions,Temporal Model,Checked By,Source,Venue
1https://doi.org/10.1145/1879211.1879219,"Crossings - pair crossings, Wiggles/Bends",Michael Ogawa and Kwan-Liu Ma,Software evolution storylines,2010,"Labels - characters, Other - encoding non-interacting characters",,"Heuristic - Sugiyama-like ordering, Heuristic - greedy coordination",Yes,Software - by developer,"Minimization of wiggle and crossings by using a greedy algorithm that already computes y-coordinates directly. Random order for first timestep. For each interaction, the average y-coordinate in the previous layer is computed. Then the clusters are greedily placed at the desired y-coordinate. The description is not super clear and formal",Look at picture (paper says case study),Interaction grouping,"Discrete, Interaction duration, Non-persistent characters","Alex, Henry",Snowballing,https://dl.acm.org/doi/proceedings/10.1145/1879211ion
10.1145/1842993.1843035,No proper definition,"Kim, Nam Wook, Card, Stuart K., Heer, Jeffrey",Tracing genealogical data with TimeNets,2010,"Genealogy - birth, Labels - characters, Uncertainty",Interactions,Other,Yes,Genealogy,Layout algorithm highly depends on problem domain but is not easily understandable. Mostly given by data itself.,"Look at picture (paper says case study), User study","Equidistant interaction characters, Interaction grouping","Discrete, Non-persistent characters","Alex, Henry",ACM,Proceedings of the International Conference on Advanced Visual Interfaces
10.1109/TVCG.2012.212,"Compactness - limit whitespace, Crossings - pair crossings, Wiggles/Bends - wiggle count","Y. Tanahashi, and K. -L. Ma",Design Considerations for Optimizing Storyline Visualizations,2012,"Labels - characters, Labels - events, Locations",Slots,"Heuristic - Sugiyama-like ordering, Heuristic - genetic algorithm, Heuristic - greedy white space reduction, Pipeline",Yes,Movies/Books,"Minimization of wiggle, crossings, and whitespace by genetic algorithm with postprocessing. Interactions can be multiple timesteps long. A genome assigns each interaction an integer $y$-slot. To evaluate a genome, a pipeline approach of rearranging lines inside slots and removing whitespace is applied and then a fitness function is employed that measures wiggle and crossings. To rearrange lines inside a slot, lines are categorized and greedily made as straight as possible. Minimizing whitespace greedily shifts slot segments (Connected clusters inside a slot) down. An adaptation incorporating locations is presented, where a fixed order of locations is also encoded with a genome.",Look at picture (paper says case study),"Equidistant interaction characters, Interaction grouping","Discrete, Interaction duration, Non-persistent characters","Alex, Henry",IEEE,IEEE Transactions on Visualization and Computer Graphics
10.1109/TVCG.2013.196,"Compactness - limit whitespace, Crossings - pair crossings, Wiggles/Bends - quadratic wiggle height, Wiggles/Bends - wiggle count","S. Liu, and Y. Wu, and E. Wei, and M. Liu, and Y. Liu",StoryFlow: Tracking the Evolution of Stories,2013,Locations,"Interactions, Locations","Exact - Linear Programming, Heuristic - Longest Common Subsequence wiggle count minimization, Heuristic - Sugiyama-like ordering, Heuristic - greedy, Pipeline",Yes,Movies/Books,"Pipeline approach. First reducing crossings, then wiggle number, then wiggle distance, and whitespace. After locations are sorted greedily, crossings are optimized as in standard storylines but with the location restrictions. This is done in Sugiyama style, barycenter heuristic considering the hierarchy.
To minimize the wiggle count in the next step, the problem is heuristically reduced to the longest common subsequence problem.
Next, given the ordering constraints and constraints on some lines being straight, a quadratic program minimizes squared wiggle height and white space given two weights.","Expert interview, Look at picture (paper says case study), Quantitative metrics (crossings etc)","Equidistant interaction characters, Interaction grouping, Minimum character separation, Single cluster/location ordering","Discrete, Interaction duration, Non-persistent characters","Alex, Henry",IEEE,IEEE Transactions on Visualization and Computer Graphics
10.1109/CW.2013.36,None,"J. -K. Chou, and I. Liao, and K. -L. Ma, and C. -K. Yang",A Study on Enhancing Timeline-Like Visualization with Verbal Text,2013,Audio Annotations,,None,Yes,Social - other,,User study,,Discrete,"Alex, Henry",IEEE,2013 International Conference on Cyberworlds
,None,Erk Ediz Akyiğit; Tuğkan Cengiz; Onur Burak Yildirim; Selim Balcisoy,Visual exploratory tool for storyline generation,2014,,Data generation tool,None,Yes,Movies/Books,,,,,"Alex, Henry",Snowballing,2014 IEEE Conference on Visual Analytics Science and Technology (VAST)
,"Crossings - pair crossings, Wiggles/Bends - quadratic wiggle height","Makarand Tapaswi, Martin Bauml, Rainer Stiefelhagen",StoryGraphs: Visualizing Character Interactions as a Timeline,2014,"Labels - characters, Other - encoding non-interacting characters",,"Heuristic - gradient descent, Heuristic - objective abstraction",Yes,Video scene detection,"A ccombined objective function of proximity, squared wiggle height, and
crossings is given. It computes coordinates. The crossing ob-
jective is abstracted into a heuristic one (pseudo-Huber loss)
that is differentiable. Then matlab fmincon is used to compute
a solution with small combined objective function.

Proximity models that characters an interactions are together. Separation models a minimum separation between characters.

Alough there is a quantitative study, this is on the scene detection from video and not on the storyline.",,,"Discrete, Non-persistent characters","Alex, Henry",Snowballing,Proceedings of the IEEE Conference on Computer Vision and Pattern Recognition (CVPR) 2014
,"Compactness - limit whitespace, Crossings - pair crossings, Wiggles/Bends - wiggle height",Qiang Lu; Xiang-yuan Zhu; Li Liu; Shu-bo Cao,An effective demonstration for group collaboration based on storyline visualization technology,2014,Labels - characters,"Interactions, Locations","Exact - Linear Programming, Heuristic - Sugiyama-like ordering, Pipeline",Yes,Project - by person,"Crossings are minimized by a sugiyama style sweep.
A greedy algorithm is used for one step, but the given refer-
ence for that algorithm is not in the paper. It is not properly
described how wiggle and whitespace is minimize, at least not understandable to me. 

Wiggle height and whitespace is minimized with linear programming as far as I understand, even though the paper says wiggle count is minimized.",User study,"Equidistant interaction characters, Interaction grouping","Discrete, Interaction duration, Persistent characters","Alex, Henry",Snowballing,Proceedings of the 2014 IEEE 18th International Conference on Computer Supported Cooperative Work in Design (CSCWD)
,"Distance approximation, Wiggles/Bends - quadratic wiggle height",Pascal Held; Christian Braune; Rudolf Kruse,Exploring Dinofun park happenings,2015,Labels - characters,,Exact - Linear Programming,Yes,Movement data,"Real-world time series with distance values. The
quadratic difference to the real world distance plus squared
wiggle height is minimized. A proper objective function is
given, but the method to minimize it is not described.",Look at picture (paper says case study),,"Discrete, Persistent characters","Alex, Henry",Snowballing,2015 IEEE Conference on Visual Analytics Science and Technology (VAST)
,"Crossings - pair crossings, Wiggles/Bends","Shejuti Silvia, June Abbas, Sam Huskey, Chris Weaver",Storyline Visualization with Force Directed Layout,2015,"Labels - characters, Labels - events",,Heuristic - force-based approach,Yes,Critical editions,"Using force-directed algorithm only for y-coordinate.
Nodes in an interaction attract each other. Nodes connected
by an edge attract each other (same entity over consecitive
timesteps). Nodes in an interaction repulse each other.",,,"Discrete, Persistent characters","Alex, Henry",Snowballing,"The Digital Latin Library Project, The University of Oklahoma"
,"Compactness - limit whitespace, Crossings - pair crossings, Wiggles/Bends - wiggle count",Dustin L. Arendt,SVEN: An Alternative Storyline Framework for Dynamic Graph Visualization,2015,Labels - characters,,"Exact - Linear Programming, Heuristic - maximum independent set wiggle count, Pipeline",Yes,,Pipeline approach. Crossings are minimimized by modelling the storyline as a directed acyclic graph where each event corresponds to a node. Then graphvis is used to minimize crossings (probably sugiyama-style). Wiggle count is minimized heuristically by modelling the problem as maximum independent set. Linear programming is used for minimizing whitespace.,None,"Equidistant interaction characters, Interaction grouping","Discrete, Interaction duration, Non-persistent characters","Alex, Henry",Graph Drawing and Network Visualization,Graph Drawing and Network Visualization
,Crossings - pair crossings,"Irina Kostitsyna, Martin Nollenburg, Valentin Polishchuk, Andre Schulz, and Darren Strash",On Minimizing Crossings in Storyline Visualizations,2015,,,"Exact - FPT, Theory",Yes,,"Minimizing crossings: It is shown that if meetings only
consist of two entities and the meetings form a tree, a solution
with O(n log n) crossings can be computed, which is also a tight lower bound. Further, an FPT-
algorithm in the number of characters is given.

Also NP-completeness by a simple reduction from bipartite crossing number is hinted.",Theory paper,Interaction grouping,"Discrete, Interaction duration, Persistent characters","Alex, Henry",Graph Drawing and Network Visualization,Graph Drawing and Network Visualization
10.1109/BigData.2015.7363802,No proper definition,"Y. Zheng, and W. Wu, and H. Qu, and C. Ma, and L. M. Ni",Visual analysis of bi-directional movement behavior,2015,"Character groups, Multivariate data encoding",,Other,Yes,Movement data,"No layout description, but heuristic is mentioned. Two different storyline views are presented, but both are pretty far from what a real storyline is used for.",Expert interview,Interaction grouping,"Discrete, Persistent characters","Alex, Henry",IEEE,2015 IEEE International Conference on Big Data (Big Data)
10.1109/TVCG.2015.2392771,"Compactness - limit whitespace, Crossings - pair crossings, Wiggles/Bends - wiggle count","Y. Tanahashi, and C. -H. Hsueh, and K. -L. Ma",An Efficient Framework for Generating Storyline Visualizations from Streaming Data,2015,Labels - characters,"For streaming data, Slots","Exact - Linear Programming, Heuristic - Longest Common Subsequence wiggle count minimization, Heuristic - Sugiyama-like ordering, Heuristic - greedy, Heuristic - local search, Pipeline",Yes,Movies/Books,"Similar as in [Tanahashi, 2012] Pipeline approach. slots are used to as-
sign interaction sessions, as in [Tanahashi, 2012]. First, a greedy heuristic is
used to assign these slots such that there are few wiggles and
crossings. Then, crossings are minimized by greedily assign-
ing order from last timestep to the next for shared characters.
Non-shared are appended at the end. Wiggle count is min-
imized with longest common subsequence. Wiggle height is
minimized with quadratic programming, adapting [Storyflow, 2013]. At the
end a local search is used, to move location sessions between
slots. The authors claim that the layout process is for streaming data (where new timesteps may be added at the end). I am not sure though if the layout algorithm is majorly different from one that is not dealing with streaming data.","Benchmarks, Quantitative metrics (crossings etc)","Equidistant interaction characters, Interaction grouping, Minimum character separation","Discrete, Interaction duration, Non-persistent characters","Alex, Henry",IEEE,IEEE Transactions on Visualization and Computer Graphics
,"Crossings - pair crossings, Wiggles/Bends","Shejuti Silvia, Ronak Etemadpour, June Abbas, Sam Huskey and Chris Weaver",Visualizing Variation in Classical Text with Force Directed Storylines,2016,Labels - annotations,Interactions,Heuristic - force-based approach,Yes,Critical editions,"Layout algorithm based on Fruchtermann-Reingold force-directed. Different forces pull interactions together, force lines to be straight, and separate different interactions. It seems that the exact y-coordinates are computed afterwards, but the description for that is missing.",User study,Interaction grouping,"Discrete, Persistent characters","Alex, Henry",Snowballing,Workshop on visualization for the digital humanities 2016
,Crossings - pair crossings,"Martin Gronemann, Michael Junger, Frauke Liers, and Francesco Mambelli",Crossing Minimization in Storyline Visualization,2016,,,Exact - ILP,Yes,Movies/Books,"Exact algorithm for crossings minimization using ILP building on
a reduciton to max-cut.","Benchmarks, Quantitative metrics (crossings etc)",Interaction grouping,"Discrete, Interaction duration, Non-persistent characters","Alex, Henry",Graph Drawing and Network Visualization,Graph Drawing and Network Visualization
10.1109/CW.2016.43,"Compactness - limit whitespace, Crossings - pair crossings, Wiggles/Bends - wiggle count, Wiggles/Bends - wiggle height","L. Qiang, and C. Bingjie",StoryCake: A Hierarchical Plot Visualization Method for Storytelling in Polar Coordinates,2016,"Circular, Locations","Circular, Locations","Heuristic - Longest Common Subsequence wiggle count minimization, Heuristic - Sugiyama-like ordering, Pipeline",Yes,Movies/Books,"Uses storyflow:Pipeline approach. First crossings are minimzed with
sweep + barycenter heuristic. Then wiggle count is minimizes
with longest common subsequence. How wiggle height and
whitespace is minimized is impossible to parse.","Look at picture (paper says case study), User study",Interaction grouping,"Discrete, Interaction duration, Non-persistent characters","Alex, Henry",IEEE,2016 International Conference on Cyberworlds (CW)
,None,K. Osmakčić; K. Kocijan,Story of a 'Storyline Visualization' in High School Readings,2017,"Labels - annotations, Labels - characters, Locations",,None,Yes,Movies/Books,The paper uses storylines for conveying a story to children in school. A user study is carried out to see if the storyline helps understand the story.,User study,Interaction grouping,"Discrete, Non-persistent characters","Alex, Henry",Snowballing,"2017 40th International Convention on Information and Communication Technology, Electronics and Microelectronics (MIPRO)"
,"Crossings - pair crossings, Wiggles/Bends - wiggle count","Yuhua Liu, Hanfei Lin, Yitao Liang, Changbo Wang",An application of optimization method for storyline based on cluster analysis,2017,"Clustering, Labels - characters","Clustering, Interactions","Heuristic - Longest Common Subsequence wiggle count minimization, Heuristic - MDS, Heuristic - Sugiyama-like ordering, Pipeline",Yes,Movement data - sport,"First characters are partitioned into cluster based on 1D multidimensional scaling. The characters then by default (if they are in no interaction), are within their cluster. Interactions are then assigned to the clusters based on how many characters of the interaction are in the cluster. Then the storyflow algorithm is used: barycenter-like crossing minimization. Longest common subsequence wiggle count minimization. ",None,"Equidistant interaction characters, Interaction grouping, Minimum character separation","Discrete, Non-persistent characters","Alex, Henry",Snowballing,VINCI '17: Proceedings of the 10th International Symposium on Visual Information Communication and Interaction
,Crossings - block crossings,"Thomas C. van Dijk, Martin Fink, Norbert Fischer, Fabian Lipp, Peter Markfelder, Alexander Ravsky, Subhash Suri, and Alexander Wolff",Block Crossings in Storyline Visualizations,2017,,,"Approximation, Exact - FPT, Heuristic - greedy ordering, Theory",Yes,Movies/Books,"Minimization of block crossings, which are cross-
ings between two bundles of edges. They show poly for 0
block crossings, FPT in number of characters. Greedy al-
gorithm for meetings of size 2 which yields optimal solution
for 3 entities. Constant factor approximation for constant-size
meetings, where meetings cannot be repeated. Further, they also show NP-hardness of block crossing minimization. They also improve the FPT-algorithm for pair crossings parameterized by the number of characters. ","Benchmarks, Quantitative metrics (crossings etc), Theory paper",Interaction grouping,"Discrete, Persistent characters","Alex, Henry",Journal of Graph Algorithms and Applications,Journal of Graph Algorithms and Applications
,"Crossings - pair crossings, Wiggles/Bends - wiggle count, Wiggles/Bends - wiggle height",Theresa Froschl and Martin Nollenburg,Minimizing Wiggles in Storyline Visualizations,2017,,,"Exact - ILP, Exact - SAT",Yes,Movies/Books,"Character curve coordinates must adhere to matrix en-
tries. Exact minimization of crossings, wiggle count, wiggle
height. Multi-objective formulation with ILP and SAT","Benchmarks, Quantitative metrics (crossings etc)","Discrete coordinates, Interaction grouping","Discrete, Interaction duration, Non-persistent characters","Alex, Henry",Graph Drawing and Network Visualization,Graph Drawing and Network Visualization
,Crossings - block crossings,"Thomas C. van Dijk, Fabian Lipp(B) , Peter Markfelder,
and Alexander Wolff",Computing Storyline Visualizations with Few Block Crossings,2017,,,Exact - SAT,Yes,Movies/Books,Exact MaxSAT formulation for block crossingsy,"Benchmarks, Quantitative metrics (crossings etc)",Interaction grouping,"Discrete, Interaction duration, Non-persistent characters","Alex, Henry",Graph Drawing and Network Visualization,Graph Drawing and Network Visualization
10.1007/s00371-017-1409-2,"Compactness - limit whitespace, Crossings - pair crossings, Wiggles/Bends - wiggle count, Wiggles/Bends - wiggle height",Lu QiangChai BingjieZhang Haibo,Storytelling by the StoryCake visualization,2017,"Circular, Locations","Circular, Locations","Heuristic - Longest Common Subsequence wiggle count minimization, Heuristic - Sugiyama-like ordering, Pipeline",Yes,Movies/Books,Same as the other storycake paper,"Look at picture (paper says case study), User study",Interaction grouping,"Discrete, Interaction duration, Non-persistent characters","Alex, Henry",SpringerLink,The Visual Computer
10.1109/VAST.2017.8585487,"Compactness - limit whitespace, Crossings - pair crossings, Wiggles/Bends - wiggle count","D. Arendt, and M. Pirrung","The “y” of it Matters, Even for Storyline Visualization",2017,,,"Exact - Linear Programming, Heuristic - Sugiyama-like ordering, Heuristic - local search, Heuristic - maximum independent set wiggle count, Pipeline",Yes,Movement data,"The paper compares non-standard storyline (which does not fall within our definition) with standard storylines. The standard storyline algorithm: Crossings are mini-
mized by sweep + Median heuristic. Then a local search
swaps neighboring nodes. Wiggle count is minimized by
modelling as independent set (cannot use lcs because mul-
tiple in/out-edges) and heuristic for independent set is used.
Whitespace is reduced with linear programming.
For the case where entities are grouped into locations per
timesteps and locations have a fixed order: Single node per lo-
cation with edge-weighted directed graph. Greedy algorithm
is used.","Expert interview, User study",Interaction grouping,"Discrete, Non-persistent characters","Alex, Henry",IEEE,2017 IEEE Conference on Visual Analytics Science and Technology (VAST)
10.1007/s11192-018-2803-x,None,Qing PingChaomei Chen,LitStoryTeller+: an interactive system for multi-level scientific paper visual storytelling with a supportive text mining toolbox,2018,"Character groups, Labels - characters, Multivariate data encoding",,Other,Yes,Literature - keyword/topic interaction,Two different storyline visualizations. The first shows how topics evolve and interact over multiple research papers: The layout depends on topic frequencies in papers. The second visualizations shows interactions of keywords throughout the paper. No mention of how the layout is computed. The evaluation is weird. They show how how different questions can be answered by the visualization system.,Task scenario inspection,Interaction grouping,"Discrete, Non-persistent characters","Alex, Henry",SpringerLink,Scientometrics
10.1109/TVCG.2018.2816203,,"Y. Shi, and C. Bryan, and S. Bhamidipati, and Y. Zhao, and Y. Zhang, and K. -L. Ma",MeetingVis: Visual Narratives to Assist in Recalling Meeting Context and Content,2018,"Labels - annotations, Labels - characters",,None,Yes,Social - meetings,No layout algorithm mentioned,User study,Interaction grouping,"Discrete, Persistent characters","Alex, Henry",IEEE,IEEE Transactions on Visualization and Computer Graphics
10.20380/GI2018.05,Crossings - pair crossings,"Padia, Kalpesh, Bandara, Kaveen Herath, Healey, Christopher G.",Yarn: Generating Storyline Visualizations Using HTN Planning,2018,"Labels - characters, Multiple timeline encoding",Encoding multiple timelines,Heuristic - Sugiyama-like ordering,Yes,Hierarchical task networks,Barycenter heuristic for crossing minimization.,"Look at picture (paper says case study), Quantitative - only runtime",Interaction grouping,"Discrete, Non-persistent characters","Alex, Henry",ACM,Proceedings of the 44th Graphics Interface Conference
https://doi.org/10.1016/j.cag.2018.11.004,,"Kalpesh Padia, Kaveen Herath Bandara, Christopher G. Healey",A system for generating storyline visualizations using hierarchical task network planning,2019,,,,Yes,,Same as Yarn: Generating Storyline Visualizations Using HTN Planning,,,,"Alex, Henry",Science Direct,Computers & Graphics
10.1109/TVCG.2018.2864899,"Compactness - limit whitespace, Crossings - pair crossings, Wiggles/Bends - quadratic wiggle height, Wiggles/Bends - wiggle count","T. Tang, and S. Rubab, and J. Lai, and W. Cui, and L. Yu, and Y. Wu",iStoryline: Effective Convergence to Hand-drawn Storylines,2019,"Labels - characters, User annotations","Interactions, User-guided drawing tool","Exact - Linear Programming, Heuristic - Longest Common Subsequence wiggle count minimization, Heuristic - Sugiyama-like ordering, Pipeline",Yes,Movies/Books,"Interactive tool to assist storyline drawing. So interactions impose constraints on the layout process. In general, the storyflow algorithm is used. 

When constraints on character order are imposed, a heuristic from [Forster, 2005 is used] which essentially is an adaptation of the barycenter heuristic. 

Constraints can also say that character coordinates must behave in a specific way, which is encoded in the alignment (wiggle count, wiggle height, whitespace reduction) step.

Further interactions also change the alignment step.",Expert interview,"Equidistant interaction characters, Interaction grouping, Minimum character separation, User constraints","Discrete, Interaction duration, Non-persistent characters","Alex, Henry",IEEE,IEEE Transactions on Visualization and Computer Graphics
,"Compactness - limit whitespace, Crossings - block crossings, Wiggles/Bends","Emilio Di Giacomo , Walter Didimo , Giuseppe Liotta , Fabrizio Montecchiani , and Alessandra Tappini",Storyline Visualizations with Ubiquitous Actors,2020,Character trees,Character tree,"Exact - SAT, Heuristic - local search, Heuristic - other",Yes,Authorship network,"Entities are not a single path but a tree because they can
participate in multiple groups at a single point in time. The
trees are computed heuristically. Then the SAT approach of van Dijk et al. for
minimizing block crossings is applied. Then local search
is applied to further reduce crossings. Although wiggle and whitespace is also minimized, it is not described how.",Look at picture (paper says case study),"Allowing multiple memberships, Interaction grouping","Discrete, Interaction duration, Non-persistent characters","Alex, Henry",Graph Drawing and Network Visualization,Graph Drawing and Network Visualization
10.1109/ICoSTA48221.2020.1570614056,None,"Z. Abidin, and D. H. Widyantoro, and S. Akbar",A Survey on Visualization Techniques to Narrate Interpersonal Interactions between Sportsmen,2020,,Survey,None,Yes,Social - other,Survey paper on visualizations of “Interpersonal Interactions between Sportsmen”. Storylines are mentioned.,,,,"Alex, Henry",IEEE,2020 International Conference on Smart Technology and Applications (ICoSTA)
,,"Vanessa Peña-Araya, Tong Xue, and Anastasia Bezerianos",HyperStorylines: Interactively untangling dynamic hypergraphs,2021,,,,Yes,,See other version of this paper,,,,"Alex, Henry",Snowballing,Sage Journals
10.1007/s00371-019-01789-1,"Compactness - limit whitespace, Crossings - pair crossings, Wiggles/Bends - quadratic wiggle height, Wiggles/Bends - wiggle count",Qiang LuJing HuangQingyu ZhangXiaohui YuanJie Li,Evaluation on visualization methods of dynamic collaborative relationships for project management,2021,Labels - events,Comparison with other visualizations,"Exact - Linear Programming, Heuristic - Longest Common Subsequence wiggle count minimization, Heuristic - Sugiyama-like ordering, Pipeline",Yes,Project - by person,Study on comparing different project visualizations. The storyflow algorithm is used.,User study,"Equidistant interaction characters, Interaction grouping, Minimum character separation","Discrete, Interaction duration, Persistent characters","Alex, Henry",SpringerLink,The Visual Computer
10.1177/14738716211045007,None,"Vanessa Peña-Araya, Tong Xue, Emmanuel Pietriga, Laurent Amsaleg, Anastasia Bezerianos",HyperStorylines: Interactively untangling dynamic hypergraphs,2021,Labels - characters,"Comparison with other visualizations, Interactions",Other,Yes,News Articles,"The visualization has different views on data. They have data that also contains locations, and the visualization can for example use the x-axis for locations and interactions for people being at the location at a specific time.

The only mention of layout computation is that they use d3.",User study,Interaction grouping,"Discrete, Non-persistent characters","Alex, Henry",Sage,Information Visualization
10.1109/TVCG.2020.3030467,"Compactness - limit whitespace, Crossings - pair crossings, Wiggles/Bends - quadratic wiggle height, Wiggles/Bends - wiggle count","T. Tang, and R. Li, and X. Wu, and S. Liu, and J. Knittel, and S. Koch, and T. Ertl, and L. Yu, and P. Ren, and Y. Wu",PlotThread: Creating Expressive Storyline Visualizations using Reinforcement Learning,2021,"Labels - characters, User annotations","Interactions, User-guided drawing tool","Exact - Linear Programming, Heuristic - AI, Heuristic - Longest Common Subsequence wiggle count minimization, Heuristic - Sugiyama-like ordering, Pipeline",Yes,Movies/Books,"This is an extension to istoryline, where reinforcement learn-
ing is used to compute storylines which adhere to constraints
that are obtained from interactions.
The initial layout is computed the same as istoryline. Then the user modifies the layout, and the AI agent can propose different variants of new layouts, and the user can choose one of them.
Also, a new set of interactions ins introduced.

The AI agent tries to predict what a user would do to change the layout from the initial layout and the user-adapted layout.","Expert interview, Quantitative - only runtime","Interaction grouping, User constraints","Discrete, Interaction duration, Non-persistent characters","Alex, Henry",IEEE,IEEE Transactions on Visualization and Computer Graphics
https://doi.org/10.1016/j.vrih.2022.08.008,"Compactness - limit whitespace, Crossings - pair crossings, Wiggles/Bends - quadratic wiggle height, Wiggles/Bends - wiggle count","Zhuo Shi, Mingrui Li, Meng Wang, Jing Shen, Wei Chen, Xiaonan Luo",NPIPVis: A visualization system involving NBA visual analysis and integrated learning model prediction,2022,"Labels - characters, User annotations","Interactions, User-guided drawing tool","Exact - Linear Programming, Heuristic - Longest Common Subsequence wiggle count minimization, Heuristic - Sugiyama-like ordering, Pipeline",Yes,Movement data - sport,"Sports data visualization based on storylines. The tool uses the istoryline library directly. The evaluation in the paper does not evaluate the visualization, but some sports prediction model.",Look at picture (paper says case study),"Interaction grouping, User constraints","Discrete, Non-persistent characters","Alex, Henry",Science Direct,Virtual Reality & Intelligent Hardware
,"Compactness - number of layers, Crossings - pair crossings","Alexander Dobler, Martin Nöllenburg, Daniel Stojanovic, Anaïs Villedieu, Jules Wulms",Crossing Minimization in Time Interval Storylines,2023,,Time intervals,"Exact - ILP, Heuristic - TSP meeting ordering, Heuristic - coloring meeting grouping",Yes,"Authorship network, Movies/Books","Time intervals group multiple meetings from a year to-
gether, they can be ordered arbitrarily to minimize crossings.
Exact ILP approaches and a pipeline: Coloring+TSP+ILP
from Gronemann.","Benchmarks, Quantitative metrics (crossings etc)","Flexible ordering of events, Interaction grouping","Discrete, Non-persistent characters","Alex, Henry",Snowballing,EuroCG 2023
,None,"Mariana Costa, Sérgio Nunes",NewsLines: Narrative Visualization of News Stories,2023,"Labels - characters, Labels - events",Interactions,Other,Yes,News Articles,The layout is done by the Narrative chart d3 engine (https://github.com/abcnews/d3-layout-narrative). It is not clear if this really optimizes something. Probably it uses some d3 tools which might optimize crossings.,Expert interview,Interaction grouping,"Discrete, Non-persistent characters","Alex, Henry",Snowballing,"CEUR Workshop Proceedings "
10.1007/978-3-031-28694-0_9,None,Emilio Di GiacomoBeniamino Di MartinoWalter DidimoAntonio EspositoGiuseppe LiottaFabrizio Montecchiani,Design of&#xa0;a&#xa0;Process and&#xa0;a&#xa0;Container-Based Cloud Architecture for&#xa0;the&#xa0;Automatic Generation of&#xa0;Storyline Visualizations,2023,,,None,Yes,Movies/Books,"This is no implementation but a design suggestion of a system that transforms text of e.g. a movie into a storyline. Classifications of labeling etc. does not make sense, because it has not been implemented.",,,,"Alex, Henry",SpringerLink,Advanced Information Networking and Applications
10.1109/TVCG.2022.3209480,None,"G. Hulstein, and V. Peña-Araya, and A. Bezerianos",Geo-Storylines: Integrating Maps into Storyline Visualizations,2023,"Labels - characters, Locations",Design study,None,Yes,"Movement data, Social - other",Design study on how to integrate spacial information into storyline visualizations. No layout algorithms.,User study,Interaction grouping,"Discrete, Persistent characters","Alex, Henry",IEEE,IEEE Transactions on Visualization and Computer Graphics
10.1145/3611058,None,"Wallner, G\{u}nter, Wang, Letian, Dormann, Claire",Visualizing the Spatio-Temporal Evolution of Gameplay using Storyline Visualization: A Study with League of Legends,2023,"Labels - annotations, Labels - events, Locations","Exclude - Categorization, Exclude - unclear, Locations",None,Yes,Movement data - games,Visualization of League of Legend games. It is essentially a categorization into regions of the map. The iStoryline framework is used to generate visualizations. But it does not really seem that aesthetic crteria have been optimized.,User study,Interaction grouping,"Discrete, Persistent characters","Alex, Henry",ACM,Proc. ACM Hum.-Comput. Interact.
,"Compactness - limit whitespace, Crossings - pair crossings, Wiggles/Bends - wiggle count",Zikun Deng; Shifu Chen; Tobias Schreck; Dazhen Deng; Tan Tang; Mingliang Xu,Visualizing Large-Scale Spatial Time Series with GeoChron,2024,,,"Heuristic - Longest Common Subsequence wiggle count minimization, Heuristic - Sugiyama-like ordering, Heuristic - greedy coordination, Heuristic - greedy ordering, Pipeline",Yes,Movement data,"The storyflow method is used for crossing and wiggle count minimization. But then, a new heuristic is used for computing coordinates by greedy sweeping from left to right and back. This is part of a large visualization system.","Benchmarks, Look at picture (paper says case study), Quantitative metrics (crossings etc), User study","Equidistant interaction characters, Interaction grouping, Minimum character separation","Discrete, Interaction duration, Non-persistent characters","Alex, Henry",Snowballing,IEEE Transactions on Visualization and Computer Graphics
,"Crossings - block crossings, Crossings - pair crossings",Tim Hegemann and Alexander Wolff,Storylines with a Protagonist,2024,,Protagonist,"Exact - Poly, Heuristic - greedy ordering, Heuristic - other",Yes,Authorship network,"Storylines with a character being in all meetings (protagonist). One-sided and two-sided storylines are considered: All characters are on one side of the protagonist or on both sides (but they must stay on that side). One-sided crossing minimization is shown to be poly, two-sided NP-hard. One- and two-sided block crossing minimization is shown to be NP-hard.","Benchmarks, Quantitative metrics (crossings etc)","Interaction grouping, Protagonist, Uncrossed protagonist","Discrete, Persistent characters","Alex, Henry",Graph Drawing and Network Visualization,Graph Drawing and Network Visualization
,Crossings - pair crossings,"Alexander Dobler, Michael Jünger, Paul J. Jünger, Julian Meffert, Petra mutzel, Martin Nöllenburg",Revisiting ILP Models for Exact Crossing Minimization in Storyline Drawings,2024,,,Exact - ILP,Yes,"Authorship network, Movies/Books",Improved ILP variants for crossing minimization. Some insights about optimal solutions that lead to now ILP models.,"Benchmarks, Quantitative metrics (crossings etc)",Interaction grouping,"Discrete, Non-persistent characters","Alex, Henry",Graph Drawing and Network Visualization,Graph Drawing and Network Visualization
https://doi.org/10.1016/j.is.2023.102283,,"Anton Yeshchenko, Jan Mendling",A survey of approaches for event sequence analysis and visualization,2024,,Survey,,Yes,,Survey of event sequence visualizations. Storylines are briefly mentioned.,,,,"Alex, Henry",Science Direct,Information Systems
10.1109/TVCG.2023.3261320,,"Q. Chen, and S. Cao, and J. Wang, and N. Cao",How Does Automation Shape the Process of Narrative Visualization: A Survey of Tools,2024,,Survey,,Yes,,Survey of Automatic Narrative Visualization. Storylines are also mentioned.,,,,"Alex, Henry",IEEE,IEEE Transactions on Visualization and Computer Graphics
10.1145/3633519,"Crossings - pair crossings, Proximity - Entity pair squared distance","Wang, Yunchao, Sun, Guodao, Zhu, Zihao, Li, Tong, Chen, Ling, Liang, Ronghua",E2Storyline: Visualizing the Relationship with Triplet Entities and Event Discovery,2024,"Labels - characters, Pair relationship matrix",Entity pair relationship visualization,Exact - ILP,Yes,"Movement data - sport, Movies/Books","Multi-objective optimization ILP, where characters have discrete coordinates. Crossing minimization is main objective. Further, the objective can also contain sum of squared distance between pairs that are in an entity-entity relationship at that time. That is, events consist of multiple entitiy-entity relationships which are explicitly visualized in a matrix. In their evaluation, they only minimize crossings though.",User study,"Discrete coordinates, Interaction grouping","Discrete, Persistent characters","Alex, Henry",ACM,ACM Trans. Intell. Syst. Technol.
,"Compactness - limit width, Wiggles/Bends - wiggle count, Wiggles/Bends - wiggle height","Alexander Dobler, Tim Hegemann, Martin Nöllenburg, Alexander Wolff",Optimizing Wiggle in Storylines,2025,,,"Exact - ILP, Exact - Linear Programming, Exact - dynamic programming, Theory",Yes,"Movies/Books, Rolling stock schedules, Social - other","Theory+application paper for wiggle minimization. Polynomial (Q)LP for wiggle height and quadratic wiggle height. Wiggle count minimization is shown to be NP-hard, DP for two time steps. Also, drawing style with circular arcs: width between two time steps is minimized.","Benchmarks, Quantitative metrics (crossings etc), Theory paper","Fixed character ordering in interaction, Interaction grouping, Minimum character separation","Discrete, Interaction duration, Non-persistent characters",Alex,Graph Drawing and Network Visualization,Graph Drawing and Network Visualization
,"Crossings - pair crossings, Fairness, Skewness, Wiggles/Bends - wiggle height","Tommaso Piselli, Giuseppe Liotta, Fabrizio Montecchiani, Martin Nöllenburg, Sara Di Bartolomeo","F2Stories: A Modular Framework for Multi-Objective
Optimization of Storylines with a Focus on Fairness",2025,"Character groups, Labels - characters",Fairness,"Exact - ILP, Heuristic - local search",Yes,,"MILP for computing the complete layout. Characters are placed at discrete coordinates with equal spacing. Standard ILP for crossing minimization. Wiggle and Skewness (number of characters to remove to be planar) are also optimized. All these criteria have adjustable parameters with which they can be weighted in the objective. Further, also fairness of wiggle, skewness, and crossings can be optimized, weighted with further parameters. A post-processing wiggle minimization is also proposed when the ILP does not optimize wiggle. In that case, characters do not have equal spacing. Iteratively and greedily groups of characters are moved up or down as long as wiggle is reduced","Benchmarks, Look at picture (paper says case study), Quantitative metrics (crossings etc)","Equidistant characters, Interaction grouping","Discrete, Non-persistent characters",Alex,IEEE,IEEE Transactions on Visualization and Computer Graphics
,"Compactness - limit whitespace, Crossings - pair crossings, Wiggles/Bends - quadratic wiggle height, Wiggles/Bends - wiggle count",Li Ye; Lei Wang; Shaolun Ruan; Heyu Wang; Yuwei Meng; Yigang Wang,StoryExplorer: A Visualization Framework for Storyline Generation of Textual Narratives,2025,Labels - characters,"Interactions, User-guided drawing tool","Exact - Linear Programming, Heuristic - Longest Common Subsequence wiggle count minimization, Heuristic - Sugiyama-like ordering, Pipeline",Yes,Movies/Books,This is a User-AI collaboration tool to generate storylines from text. The StoryFlow layout algorithm is used.,"Look at picture (paper says case study), User study","Equidistant interaction characters, Interaction grouping, Minimum character separation","Discrete, Interaction duration, Non-persistent characters","Alex, Henry",Snowballing,IEEE Transactions on Human-Machine Systems
10.1007/s12650-025-01058-5,Overlap reduction,Haonan YaoLixiang ZhaoBoyuan ChenKaiwen LiHai-Ning LiangLingyun Yu,3DStoryline: immersive visual storytelling,2025,"3D, Multivariate data encoding",3D,Other,Yes,Movement data,3D layout. The new dimension is used to encode space. So no real layout computation besides re-scaling the time axis to avoid overlaps.,User study,,"Discrete, Non-persistent characters","Alex, Henry",SpringerLink,Journal of Visualization
https://doi.org/10.1016/j.cag.2025.104166,"Crossings - pair crossings, Stability","Mingdong Zhang, Li Chen, Junhai Yong",Stratiline: A visualization system based on stratified storyline,2025,"Labels - characters, Locations, Significance scores","Locations, Significance scores","Heuristic - Global ordering, Heuristic - MDS, Heuristic - Sugiyama-like ordering",Yes,"Movement data, Movies/Books","Focus on locations. First, actors, interactions, and locations, get a significance score (weight). The single location order is computed with MDS based on number of characters going between locations. Actors have a global order, and this order is used to sort actors in events. Then a barycenter-like post-processing is used. Y-coordinates do not need to be computed, as locations are rows and actors are equally spaced.","Look at picture (paper says case study), Quantitative metrics (crossings etc)","Interaction grouping, Single cluster/location ordering","Discrete, Non-persistent characters","Alex, Henry",Science Direct,Computers & Graphics
https://doi.org/10.1016/j.cag.2025.104169,"Crossings - pair crossings, Separation","Jie Lin, Chuan-Kai Yang, Chiun-How Kao",Visualizing NBA information via storylines,2025,"Character groups, Labels - characters",,Heuristic - other,Yes,Movement data - sport,"The algorithm is not super clear to me. First, events are spaced out so that crowded regions are avoided. Then, the ordering is computed with TSP sorting or Ellipse sorting. ",Expert interview,Interaction grouping,"Discrete, Persistent characters","Alex, Henry",Science Direct,Computers & Graphics
10.1109/TVCG.2024.3456373,"Compactness - limit whitespace, Crossings - pair crossings, Wiggles/Bends - wiggle count","Y. -H. Kuo, and D. Liu, and K. -L. Ma",SpreadLine: Visualizing Egocentric Dynamic Influence,2025,"Labels - characters, Multivariate data encoding",Protagonist,"Heuristic - Longest Common Subsequence wiggle count minimization, Heuristic - Sugiyama-like ordering, Heuristic - greedy white space reduction, Pipeline",Yes,"Authorship network, Disease outbreak, Social - other","Egocentric storyline of a ego network, ego is straight line. Distinction between 1-alters and 2-alters. Stronger ties are closer to the ego.  Those receiving to ego are below, those sending above. So the ordering is nearly determined by the Data. The layout generation adapts storyflow: The 2-alters that still can change their order are sorted by barycenter. Wiggle count is still minimized with lcs, but ego needs to stay straight.
The compaction step is different from storyflow: A greedy algorithm is used to compact and make lines more straight, the description is not reproducible.","Look at picture (paper says case study), User study","Interaction grouping, Protagonist, Straight protagonist","Discrete, Non-persistent characters","Alex, Henry",IEEE,IEEE Transactions on Visualization and Computer Graphics
,,https://ieeexplore.ieee.org/author/37287357700; https://ieeexplore.ieee.org/author/37275869400; https://ieeexplore.ieee.org/author/37299418300; https://ieeexplore.ieee.org/author/37267727500; https://ieeexplore.ieee.org/author/37299416500,Visualizing Social Interaction in Open Source Software Projects,2007,,Exclude - Sankey,,No,,,,,,"Alex, Henry",Snowballing,2007 6th International Asia-Pacific Symposium on Visualization
10.1109/TVCG.2009.122,,"C. Collins, and G. Penn, and S. Carpendale",Bubble Sets: Revealing Set Relations with Isocontours over Existing Visualizations,2009,,Exclude - Other,,No,,,,,,"Alex, Henry",IEEE,IEEE Transactions on Visualization and Computer Graphics
,,"Martin Rosvall, Cart T. Bergstrom",Mapping Change in Large Networks,2010,,Exclude - Sankey,,No,,,,,,"Alex, Henry",Snowballing,PLOS
10.1109/TVCG.2011.255,,"J. Hullman, and N. Diakopoulos",Visualization Rhetoric: Framing Effects in Narrative Visualization,2011,,Exclude - Other,,No,,,,,,"Alex, Henry",IEEE,IEEE Transactions on Visualization and Computer Graphics
,No proper definition,"Reda, Khairi, and Tantipathananandh, Chayant, and Johnson, Andrew, and Leigh, Jason, and Berger-Wolf, Tanya, and H. Hauser, H. Pfister, and J. J. van Wijk",Visualizing the Evolution of Community Structures in Dynamic Social Networks,2011,,Exclude - Categorization,Other,No,Social - communities,Layout based on input data features. Short mention of crossings but no optimization for,Expert interview,Interaction grouping,Discrete,"Alex, Henry",EuroGraphics,The Eurographics Association and Blackwell Publishing Ltd.
,Wiggles/Bends - wiggle height,"Arnaud Sallaberry, Chris Muelder, and Kwan-Liu Ma","Clustering, Visualizing, and Navigating for Large Dynamic Graphs",2012,,Exclude - Categorization,Heuristic - Minimum Linear Arrangement ordering,No,Social - communities,"Social clusters form horizontal strips which are spaced equally. Characters are assigned a cluster for each time step. First, ordering of clusters is computed, then ordering of characters within cluster. ",Look at picture (paper says case study),"Interaction grouping, Single cluster/location ordering",Discrete,"Alex, Henry",Graph Drawing and Network Visualization,Graph Drawing and Network Visualization
https://doi.org/10.1016/j.cag.2012.02.010,,"Tao Chen, Aidong Lu, Shi-Min Hu",Visual storylines: Semantic visualization of movie sequence,2012,,Exclude - Other,,No,,,,,,"Alex, Henry",Science Direct,Computers & Graphics
,No proper definition,Chris W. Muelder; Tarik Crnovrsanin; Arnaud Sallaberry; Kwan-Liu Ma,Egocentric Storylines for Visual Analysis of Large Dynamic Graphs,2013,,Exclude - Categorization,"Heuristic - greedy ordering, Other",No,Social - communities,"Interactions are assigned to fixed y-coordinates which are spaced apart equidistantly in vertical direction. First interaction ordering is computed for each timestep with a data-driven greedy algorithm.  Then, character ordering is done greedily keeping as many lines straight as possible.",Look at picture (paper says case study),"Interaction grouping, Vertically equidistant interactions",Discrete,"Alex, Henry",Snowballing,2013 IEEE International Conference on Big Data
10.1109/TVCG.2013.221,,"P. Xu, and Y. Wu, and E. Wei, and T. -Q. Peng, and S. Liu, and J. J. H. Zhu, and H. Qu",Visual Analysis of Topic Competition on Social Media,2013,,Exclude - no character tracking,,No,,To discuss,,,,"Alex, Henry",IEEE,IEEE Transactions on Visualization and Computer Graphics
10.1145/2492517.2492638,,"Wu, Meng Qi Yelena, Faris, Robert, Ma, Kwan-Liu",Visual exploration of academic career paths,2013,,Exclude - Other,,No,,,,,,"Alex, Henry",ACM,Proceedings of the 2013 IEEE/ACM International Conference on Advances in Social Networks Analysis and Mining
10.1109/TVCG.2014.2299803,,"W. -L. Lu, and Y. -S. Wang, and W. -C. Lin",Chess Evolution Visualization,2014,,Exclude - Other,,No,,,,,,"Alex, Henry",IEEE,IEEE Transactions on Visualization and Computer Graphics
10.1109/TVCG.2014.2346433,,"W. Cui, and S. Liu, and Z. Wu, and H. Wei",How Hierarchical Topics Evolve in Large Text Corpora,2014,,Exclude - Sankey,,No,,,,,,"Alex, Henry",IEEE,IEEE Transactions on Visualization and Computer Graphics
10.1109/TVCG.2014.2346919,,"G. Sun, and Y. Wu, and S. Liu, and T. -Q. Peng, and J. J. H. Zhu, and R. Liang",EvoRiver: Visual Analysis of Topic Coopetition on Social Media,2014,,Exclude - Categorization,,No,,,,,,"Alex, Henry",IEEE,IEEE Transactions on Visualization and Computer Graphics
10.1109/TVCG.2014.2346922,,"J. Zhao, and N. Cao, and Z. Wen, and Y. Song, and Y. -R. Lin, and C. Collins",#FluxFlow: Visual Analysis of Anomalous Information Spreading on Social Media,2014,,Exclude - Other,,No,,,,,,"Alex, Henry",IEEE,IEEE Transactions on Visualization and Computer Graphics
10.1109/IV.2014.14,,"P. H. Nguyen, and K. Xu, and R. Walker, and B. L. W. Wong",SchemaLine: Timeline Visualization for Sensemaking,2014,,Exclude - Other,,No,,,,,,"Alex, Henry",IEEE,2014 18th International Conference on Information Visualisation
,,"Blascheck, T., and Kurzhals, K., and Raschke, M., and Burch, M., and Weiskopf, D., and Ertl, T., and R. Borgo and R. Maciejewski and I. Viola",State-of-the-Art of Visualization for Eye Tracking Data,2014,,Exclude - Other,,No,,,,,,"Alex, Henry",EuroGraphics,The Eurographics Association
,,"Sayaka Yagi, Takayuki Itoh, Masahiro Takatsuka",A Layout Technique for Storyline-based Visualization of Consecutive Numerical Time-varying Data,2015,,Exclude - Categorization,,No,,,,,,"Alex, Henry",Snowballing,VINCI '15: Proceedings of the 8th International Symposium on Visual Information Communication and Interaction
"10.1111/cgf.12512 ",,"C. Vehlow, F. Beck, P. Auwarter, and D. Weiskopf",Visualizing the Evolution of Communities in Dynamic Graphs,2015,,Exclude - Sankey,,No,,,,,,"Alex, Henry",Snowballing,Computer Graphics Forum
https://doi.org/10.1016/j.artmed.2015.05.008,,"Jose M. Juarez, Jose M. Ochotorena, Manuel Campos, Carlo Combi",Spatiotemporal data visualisation for homecare monitoring of elderly people,2015,,Exclude - Other,,No,,,,,,"Alex, Henry",Science Direct,Artificial Intelligence in Medicine
10.1177/1473871615605347,,"Phong H Nguyen, Kai Xu, Rick Walker, BL William Wong",TimeSets: Timeline visualization with set relations,2015,,Exclude - Other,,No,,,,,,"Alex, Henry",Sage,Information Visualization
10.1109/TKDE.2014.2324581,,"S. Liu, and Y. Chen, and H. Wei, and J. Yang, and K. Zhou, and S. M. Drucker",Exploring Topical Lead-Lag across Corpora,2015,,Exclude - Other,,No,,,,,,"Alex, Henry",IEEE,IEEE Transactions on Knowledge and Data Engineering
,,J. Timothy Balint; Dustin Arendt; Leslie M. Blaha,Storyline Visualizations of Eye Tracking of Movie Viewing,2016,,Exclude - Categorization,,No,,,,,,"Alex, Henry",Snowballing,2016 IEEE Second Workshop on Eye Tracking and Visualization (ETVIS)
10.1109/VAST.2016.7883511,,"X. Wang, and S. Liu, and Y. Chen, and T. -Q. Peng, and J. Su, and J. Yang, and B. Guo",How ideas flow across multiple social groups,2016,,Exclude - Categorization,,No,,,,,,"Alex, Henry",IEEE,2016 IEEE Conference on Visual Analytics Science and Technology (VAST)
10.1109/TVCG.2015.2468151,,"Y. Wu, and N. Pitipornvivat, and J. Zhao, and S. Yang, and G. Huang, and H. Qu",egoSlider: Visual Analysis of Egocentric Network Evolution,2016,,"Exclude - Other, Exclude - unclear",,No,,,,,,"Alex, Henry",IEEE,IEEE Transactions on Visualization and Computer Graphics
,,"Bartolomeo, Marco Di, and Hu, Yifan, and Kwan-Liu Ma and Giuseppe Santucci and Jarke van Wijk",There is More to Streamgraphs than Movies: Better Aesthetics via Ordering and Lassoing,2016,,Exclude - Other,,No,,,,,,"Alex, Henry",EuroGraphics,The Eurographics Association and John Wiley & Sons Ltd.
10.1145/2975167.2985688,,"Murugesan, Sugeerth, Bouchard, Kristofer, Chang, Edward, Dougherty, Max, Hamann, Bernd, Weber, Gunther H.",Hierarchical Spatio-temporal Visual Analysis of Cluster Evolution in Electrocorticography Data,2016,,Exclude - Sankey,,No,,,,,,"Alex, Henry",ACM,"Proceedings of the 7th ACM International Conference on Bioinformatics, Computational Biology, and Health Informatics"
10.1007/s12650-017-0430-x,,Fangzhou GuoWei ChenTao LinBiao ZhuFan ZhangYingcai WuHuamin Qu,TieVis: visual analytics of evolution of interpersonal ties,2017,,Exclude - Other,,No,,,,,,"Alex, Henry",SpringerLink,Journal of Visualization
,,"McKenna, Sean, and Riche, Nathalie Henry, and Lee, Bongshin, and Boy, Jeremy, and Meyer, Miriah, and Heer, Jeffrey and Ropinski, Timo and van Wijk, Jarke",Visual Narrative Flow: Exploring Factors Shaping Data Visualization Story Reading Experiences,2017,,Exclude - Other,,No,,,,,,"Alex, Henry",EuroGraphics,The Eurographics Association and John Wiley & Sons Ltd.
10.1109/ACCESS.2018.2870684,,"Y. Zhao, and Y. She, and W. Chen, and Y. Lu, and J. Xia, and W. Chen, and J. Liu, and F. Zhou",EOD Edge Sampling for Visualizing Dynamic Network via Massive Sequence View,2018,,Exclude - Other,,No,,,,,,"Alex, Henry",IEEE,IEEE Access
10.1109/BigData47090.2019.9006351,,"V. Domova, and S. Sander-Tavallaey",Visualization for Quality Healthcare: Patient Flow Exploration,2019,,Exclude - Other,,No,,,,,,"Alex, Henry",IEEE,2019 IEEE International Conference on Big Data (Big Data)
10.1109/TVCG.2018.2865041,,"Y. Wu, and X. Xie, and J. Wang, and D. Deng, and H. Liang, and H. Zhang, and S. Cheng, and W. Chen",ForVizor: Visualizing Spatio-Temporal Team Formations in Soccer,2019,,Exclude - Other,,No,,,,,,"Alex, Henry",IEEE,IEEE Transactions on Visualization and Computer Graphics
,,"Ji, C., and Gronde, J. J., and Maurits, N. M., and Roerdink, J. B. T. M., and Chen, Min and Benes, Bedrich",Visual Exploration of Dynamic Multichannel EEG Coherence Networks,2019,,Exclude - Categorization,,No,,,,,,"Alex, Henry",EuroGraphics,© 2019 The Eurographics Association and John Wiley & Sons Ltd.
,,"Kappe, Christopher, and Böttinger, Michael, and Leitte, Heike, and Gleicher, Michael and Viola, Ivan and Leitte, Heike",Analysis of Decadal Climate Predictions with User-guided Hierarchical Ensemble Clustering,2019,,Exclude - Hierarchy Visualization,,No,,,,,,"Alex, Henry",EuroGraphics,The Eurographics Association and John Wiley & Sons Ltd.
,,"Chou, Jia‐Kai, and Wang, Yang, and Ma, Kwan‐Liu, and Chen, Min and Benes, Bedrich",Privacy Preserving Visualization: A Study on Event Sequence Data,2019,,Exclude - Sankey,,No,,,,,,"Alex, Henry",EuroGraphics,© 2019 The Eurographics Association and John Wiley & Sons Ltd.
10.1145/3301275.3302302,,"Watson, Katie, Sohn, Samuel S., Schriber, Sasha, Gross, Markus, Muniz, Carlos Manuel, Kapadia, Mubbasir",StoryPrint: an interactive visualization of stories,2019,,Exclude - Other,,No,,,,,,"Alex, Henry",ACM,Proceedings of the 24th International Conference on Intelligent User Interfaces
10.1109/ACCESS.2020.2980901,,"K. Panetta, and Q. Wan, and S. Rajeev, and A. Kaszowska, and A. L. Gardony, and K. Naranjo, and H. A. Taylor, and S. Agaian",ISeeColor: Method for Advanced Visual Analytics of Eye Tracking Data,2020,,Exclude - Other,,No,,,,,,"Alex, Henry",IEEE,IEEE Access
10.1109/VAST50239.2020.00006,,"X. Wang, and W. Chen, and J. Xia, and Z. Chen, and D. Xu, and X. Wu, and M. Xu, and T. Schreck",ConceptExplorer: Visual Analysis of Concept Drifts in Multi-source Time-series Data,2020,,Exclude - Other,,No,,,,,,"Alex, Henry",IEEE,2020 IEEE Conference on Visual Analytics Science and Technology (VAST)
10.1109/IV51561.2020.00046,,"X. He, and Y. Zhu",Integrated Spatio-temporal Storyline Visualization with Low Crossover,2020,,Exclude - Other,,No,,,,,,"Alex, Henry",IEEE,2020 24th International Conference Information Visualisation (IV)
,,"Agarwal, Shivam, and Beck, Fabian, and Viola, Ivan and Gleicher, Michael and Landesberger von Antburg, Tatiana",Set Streams: Visual Exploration of Dynamic Overlapping Sets,2020,,Exclude - no character tracking,,No,,,,,,"Alex, Henry",EuroGraphics,The Eurographics Association and John Wiley & Sons Ltd.
,,"Bolte, Fabian, and Bruckner, Stefan, and Wilkie, Alexander and Banterle, Francesco",Organic Narrative Charts,2020,,"Exclude - Other, Exclude - unclear",,No,,,,,,"Alex, Henry",EuroGraphics,The Eurographics Association
,,Sara Di Bartolomeo; Yixuan Zhang; Fangfang Sheng; Cody Dunne,Sequence Braiding: Visual Overviews of Temporal Event Sequences and Attributes,2021,,Exclude - Categorization,,No,,,,,,"Alex, Henry",Snowballing,"IEEE Transactions on Visualization and Computer Graphics "
10.1177/14738716211033246,,"François Lévesque, Thomas Hurtut",MuzLink: Connected beeswarm timelines for visual analysis of musical adaptations and artist relationships,2021,,Exclude - Other,,No,,,,,,"Alex, Henry",Sage,Information Visualization
10.1109/VizSec53666.2021.00005,,R. Gove,Automatic Narrative Summarization for Visualizing Cyber Security Logs and Incident Reports,2021,,Exclude - Other,,No,,,,,,"Alex, Henry",IEEE,2021 IEEE Symposium on Visualization for Cyber Security (VizSec)
,,"Wang, Tao, and Keck, Mandy, and Vosough, Zana, and Agus, Marco and Garth, Christoph and Kerren, Andreas",Discussion Flows: An Interactive Visualization for Analyzing Engagement in Multi-Party Meetings,2021,,"Exclude - Categorization, Exclude - Other",,No,,,,,,"Alex, Henry",EuroGraphics,The Eurographics Association
10.1145/3411764.3445651,,"B\{u}schel, Wolfgang, Lehmann, Anke, Dachselt, Raimund",MIRIA: A Mixed Reality Toolkit for the In-Situ Visualization and Analysis of Spatio-Temporal Interaction Data,2021,,Exclude - no character tracking,,No,,,,,,"Alex, Henry",ACM,Proceedings of the 2021 CHI Conference on Human Factors in Computing Systems
10.1007/s12650-022-00893-0,,Xuyi LuYuan XuGuan LiYi ChenGuihua Shan,MVST-SciVis: narrative visualization and analysis of compound events in scientific data,2022,,"Exclude - Other, Exclude - unclear",,No,,,,,,"Alex, Henry",SpringerLink,Journal of Visualization
10.1007/s12650-022-00896-x,,Zihao ZhuYue ShenSujia ZhuGefei ZhangRonghua LiangGuodao Sun,Towards better pattern enhancement in temporal evolving set visualization,2022,,Exclude - Other,,No,,,,,,"Alex, Henry",SpringerLink,Journal of Visualization
https://doi.org/10.1016/j.bdr.2021.100291,,"António Cruz, Joel P. Arrais, Penousal Machado",Force-Directed Timelines: Visualizing & Exploring Temporal Patterns,2022,,Exclude - Other,,No,,,,,,"Alex, Henry",Science Direct,Big Data Research
10.1109/TVCG.2021.3114761,,"Y. Wang, and D. Cheng, and Z. Wang, and J. Zhang, and L. Zhou, and G. He, and O. Deussen",F2-Bubbles: Faithful Bubble Set Construction and Flexible Editing,2022,,Exclude - Other,,No,,,,,,"Alex, Henry",IEEE,IEEE Transactions on Visualization and Computer Graphics
10.1109/TVCG.2021.3114843,,R. Gove,Automatic Narrative Summarization for Visualizing Cyber Security Logs and Incident Reports,2022,,Exclude - Other,,No,,,,,,"Alex, Henry",IEEE,IEEE Transactions on Visualization and Computer Graphics
10.1109/TVCG.2021.3114790,,"Y. Wang, and T. -Q. Peng, and H. Lu, and H. Wang, and X. Xie, and H. Qu, and Y. Wu",Seek for Success: A Visualization Approach for Understanding the Dynamics of Academic Careers,2022,,Exclude - Other,,No,,,,,,"Alex, Henry",IEEE,IEEE Transactions on Visualization and Computer Graphics
,,"Agarwal, Shivam, and Hoellt, Thomas, and Aigner, Wolfgang, and Wang, Bei",Visualizing Element Interactions in Dynamic Overlapping Sets,2023,,Exclude - Sankey,,No,,,,,,"Alex, Henry",EuroGraphics,The Eurographics Association
10.1177/14738716241287116,,"Manuela Garreton, Daniela Moyano, José Guerra, Denis Parra",Survey of data stories: Guidelines for data story authoring,2024,,Exclude - Other,,No,,,,,,"Alex, Henry",Sage,Information Visualization
10.1109/TVCG.2023.3250166,,"G. Valdrighi, and N. Ferreira, and J. Poco",MoReVis: A Visual Summary for Spatiotemporal Moving Regions,2024,,Exclude - Other,,No,,,,,,"Alex, Henry",IEEE,IEEE Transactions on Visualization and Computer Graphics
10.1109/TVCG.2023.3326520,,"A. Offenwanger, and M. Brehmer, and F. Chevalier, and T. Tsandilas",TimeSplines: Sketch-Based Authoring of Flexible and Idiosyncratic Timelines,2024,,Exclude - Other,,No,,,,,,"Alex, Henry",IEEE,IEEE Transactions on Visualization and Computer Graphics
,,"Pron, Mariana, and Agarwal, Shivam, and Poddar, Madhav, and Beck, Fabian, and Tominski, Christian, and Waldner, Manuela, and Wang, Bei",Comparative Analysis of Timeline-based Visualizations for Dynamic Overlapping Sets,2024,,Exclude - Sankey,,No,,,,,,"Alex, Henry",EuroGraphics,The Eurographics Association
,,"Dobler, Alexander, and Nöllenburg, Martin, and Aigner, Wolfgang, and Archambault, Daniel, and Bujack, Roxana",Improving Temporal Treemaps by Minimizing Crossings,2024,,Exclude - no character tracking,,No,,,,,,"Alex, Henry",EuroGraphics,The Eurographics Association and John Wiley & Sons Ltd.
,,"Catherine Yeh, Tara Menon, Robin Singh Arya, Helen He, Moira Weigel, Fernanda Viégas, Martin Wattenberg",Story Ribbons: Reimagining Storyline Visualizations with Large Language Models,2025,,"Exclude - Character proximity, Exclude - unclear",,No,,"“This diverges from traditional storyline visualizations where
y-coordinates encode interaction via proximity”. Also there is no real layout computation.",,,,"Alex, Henry",Snowballing,ARXIV
https://doi.org/10.1016/j.is.2025.102568,,"Christoffer Rubensson, Harleen Kaur, Timotheus Kampik, Jan Mendling",Timeline-based process discovery,2025,,Exclude - Other,,No,,,,,,"Alex, Henry",Science Direct,Information Systems
10.1109/TVCG.2025.3528197,,"R. Tinarrage, and J. R. Ponciano, and C. D. G. Linhares, and A. J. M. Traina, and J. Poco",ZigzagNetVis: Suggesting Temporal Resolutions for Graph Visualization Using Zigzag Persistence,2025,,Exclude - Other,,No,,,,,,"Alex, Henry",IEEE,IEEE Transactions on Visualization and Computer Graphics